country,1989,1990,1991,1992,1993,1994,1995,1996,1997,1998,1999,2000,2001,2002,2003,2004,2005,2006,2007,2008,2009,2010,2011,2012,2013,2014,2015,2016,2017,2018
Afghanistan,443,448,457,465,470,473,476,478,477,476,476,479,478,483,489,492,486,490,496,503,513,526,537,549,563,578,597,614,631,648
Angola,68.5,70.3,72.6,75.5,78.2,80,80.7,82.8,87,90.6,93.3,95.9,98,102,106,109,110,112,115,119,124,129,135,141,145,151,156,163,171,179
Albania,151,158,161,165,158,173,189,200,205,206,207,197,193,192,186,172,158,151,151,153,160,166,171,177,185,196,203,208,214,219
Andorra,3.47,3.58,3.82,4.16,4.31,4.46,4.61,4.76,4.91,5.05,5.26,5.45,5.66,5.9,6.1,6.23,6.44,6.64,6.87,7.1,7.31,6.78,6.69,6.89,7.14,7.34,7.58,7.89,8.22,8.53
United Arab Emirates,15.5,16.9,18.3,19.9,21.6,23.3,24.8,25.6,26.9,28.5,30.5,32.4,34.7,36.7,39.3,42.5,46.3,50.1,56.3,63.6,70.8,78.9,87.8,99,110,122,135,149,165,181
Argentina,278,274,277,279,279,284,290,297,313,329,342,362,383,404,416,433,461,497,521,542,574,604,634,662,684,714,744,748,750,760
Armenia,16,16.9,18.2,19.1,19.2,19.9,21.2,22,23.4,25.6,28.5,33.3,40.1,49.8,67.3,90.7,123,125,169,187,200,206,204,199,195,191,162,166,164,163
American Samoa,0.83,0.86,0.89,0.92,0.95,0.97,0.99,1,1.08,1.11,1.2,1.25,1.3,1.41,1.5,1.53,1.59,1.62,1.68,1.73,1.79,1.86,1.88,1.95,2.03,2.09,2.18,2.19,2.21,2.24
Antigua and Barbuda,2.79,2.76,2.71,2.73,2.56,2.4,1.9,1.53,1.34,1.23,1.13,1.08,1.05,1.05,1.03,1.03,1.08,1.34,1.4,1.28,1.29,1.32,1.33,1.36,1.41,1.47,1.53,1.57,1.63,1.7
Australia,268,285,309,331,354,373,396,416,430,455,478,501,523,543,586,628,676,718,762,799,846,925,985,1050,1110,1130,1140,1130,1140,1140
Austria,252,265,271,282,289,302,317,332,339,350,357,370,394,414,429,438,443,451,464,484,502,513,536,552,562,575,570,568,553,551
Azerbaijan,27.6,29.5,31.5,33.9,37,40.9,46.3,53.6,64.4,80.9,107,149,189,224,248,256,265,276,261,248,238,230,224,219,215,213,214,216,214,217
Burundi,51.7,54.3,56.6,59.3,60.6,61.5,61,59.8,58.6,56.8,55.8,54.4,54.6,55.1,53.9,54.6,54.8,55.6,56.7,57.7,59.7,61.6,63.8,65.7,67.4,69.2,70.9,73.5,77.3,80.1
Belgium,236,246,259,282,299,315,327,332,335,331,315,309,311,304,311,321,331,353,380,405,433,455,479,497,509,525,531,531,531,536
Benin,94.2,97.9,101,105,110,113,116,118,118,117,116,115,112,112,112,112,113,115,118,121,125,130,133,136,139,142,146,150,153,158
Burkina Faso,81.1,82.6,83.9,84.6,84.6,84.8,84.4,84.7,84.2,83.3,83.9,82.7,83.1,83.4,84.4,86.1,82.7,82.6,83.6,85,88.1,90.1,94.2,98.6,102,106,110,114,118,120
Bangladesh,1310,1310,1360,1410,1460,1520,1550,1570,1550,1540,1560,1540,1530,1530,1530,1530,1560,1580,1600,1650,1700,1710,1760,1840,1950,2030,2150,2300,2410,2520
Bulgaria,486,467,444,406,394,384,378,377,385,381,380,388,400,426,477,509,540,558,559,546,515,493,459,410,396,380,395,402,409,418
Bahrain,5.87,6.42,7.05,7.55,8.14,8.72,9.17,9.55,9.9,9.63,10.3,10.2,11.2,12.3,12.6,12.7,12.8,12.8,12.9,13.6,14.7,15,15.5,15.9,16.9,18.6,20.3,22.2,24.1,26.5
Bahamas,8.54,8.49,8.46,8.71,8.32,8.08,7.43,6.05,5.47,5.16,4.65,4.7,4.54,4.62,4.58,4.53,4.71,4.74,4.99,5.26,5.41,5.6,5.79,5.95,6.21,6.56,6.85,7.13,7.48,7.85
Bosnia and Herzegovina,157,168,170,176,180,184,186,187,186,183,192,200,212,224,229,241,242,253,250,254,256,260,258,260,261,267,268,267,267,266
Belarus,85.7,86.4,89.5,97.2,101,114,112,111,116,124,135,148,186,203,211,228,232,234,246,253,265,271,249,251,249,240,233,228,220,218
Belize,2.89,2.9,2.88,2.94,2.9,2.96,2.92,2.75,2.72,2.75,2.62,2.49,2.38,2.41,2.44,2.51,2.6,2.69,2.8,2.98,3.17,3.34,3.51,3.77,4.07,4.42,4.67,4.86,5.17,5.44
Bermuda,2.64,2.61,2.4,2.31,2.12,1.92,1.74,1.39,1.21,1.12,1.03,1,1,1.03,1.03,1.06,1.1,1.13,1.19,1.24,1.31,1.37,1.44,1.51,1.57,1.62,1.67,1.69,1.72,1.75
Bolivia,75.5,77.5,79.6,81.9,83.8,86.7,89.3,93.2,96.8,99.8,99.3,103,107,111,114,118,123,127,132,138,143,150,156,162,168,175,182,189,198,205
Brazil,1020,1030,1060,1100,1130,1180,1250,1290,1350,1410,1490,1590,1690,1790,1920,2000,2120,2220,2350,2490,2640,2790,2930,3060,3180,3320,3470,3510,3580,3700
Barbados,4.71,4.71,4.86,4.86,4.88,4.8,4.71,4.57,4.32,3.97,3.85,3.79,3.94,4.11,4.14,4.13,4.26,4.33,4.46,4.49,4.7,4.92,5.12,5.38,5.55,5.72,5.92,6.16,6.56,7.27
Brunei,6.43,6.41,6.43,6.41,6.23,6.16,5.86,6.84,8.42,9.61,10.5,11.3,12.2,13.2,13.9,14.7,15.1,15.5,16.1,16.8,17.6,18.1,18.8,19.5,20.1,20.9,21.7,22.5,23.2,23.9
Bhutan,4.43,4.59,4.74,4.93,5.13,5.37,5.6,5.78,6.1,6.33,6.78,7.14,7.47,7.87,8.16,8.41,8.66,9.03,9.38,9.8,10.2,10.6,11,11.4,11.8,12.2,12.5,12.9,13.2,13.6
Botswana,3.01,3.41,3.99,4.8,5.62,6.93,8.39,9.82,11,11.9,12.4,12.6,12.6,12.2,11.9,11.7,11.7,11.5,11.6,11.7,12,12.2,12.4,12.6,12.8,13.1,13.4,13.8,14.1,14.3
Central African Republic,30,34.2,37.1,39.2,40.7,41.5,42.5,42.6,43,43.3,42.8,42.5,42.4,42.1,41.7,41.5,41.6,41.5,40.1,40.5,41.5,42.1,42.2,43,43.3,43.4,44,44.8,45.1,45.7
Canada,404,420,439,466,496,526,554,590,625,656,680,694,697,701,722,807,859,953,1040,1110,1200,1260,1340,1420,1500,1560,1580,1630,1700,1750
Switzerland,172,190,206,221,243,290,313,331,346,355,367,372,373,373,377,385,398,412,421,429,440,456,477,489,497,510,516,519,521,527
Chile,127,126,126,129,133,143,146,143,150,150,156,165,175,189,201,211,221,231,245,264,282,301,324,343,361,381,387,394,403,413
China,165k,175k,184k,194k,203k,211k,216k,218k,218k,216k,206k,184k,154k,128k,111k,103k,101k,101k,104k,104k,103k,103k,105k,109k,116k,122k,128k,132k,135k,139k
Cote d'Ivoire,252,281,314,348,380,406,420,423,417,399,385,371,359,350,342,334,330,326,325,328,333,337,342,350,355,359,357,360,372,376
Cameroon,19.6,20.8,22.2,23.7,25.2,26.9,28.9,30.8,32.4,34,35.6,36.8,38.1,38.6,39.3,40.3,41.5,42.5,43.9,45.6,47.1,48.9,50.4,51.6,52.5,53,54,55,56.7,58.1
"Congo, Dem. Rep.",256,266,274,280,285,292,298,300,304,309,313,318,322,329,332,336,341,333,338,344,353,359,371,383,396,404,412,422,440,453
"Congo, Rep.",28.6,29.7,31,32,33.4,34.1,34.5,35.1,34,33.7,32.9,31.9,31.5,31.9,32,32.3,32.8,32.4,33,33.8,34.3,35.2,36.7,37.9,39,40.1,41.3,42.6,44.4,46.1
Cook Is,1.11,1.13,1.14,1.16,1.17,1.18,1.19,1.21,1.23,1.25,1.29,1.28,1.27,1.31,1.35,1.35,1.38,1.41,1.44,1.47,1.52,1.6,1.63,1.71,1.76,1.82,1.89,1.91,1.93,1.95
Colombia,239,260,269,267,276,283,289,264,266,272,279,296,350,342,363,363,389,401,439,503,539,563,600,631,640,684,707,732,761,790
Comoros,3.98,4.04,4.27,4.36,4.53,4.64,4.73,4.77,4.73,4.74,4.88,4.92,4.98,4.8,4.7,4.91,4.81,5.23,5.42,5.35,5.38,5.6,5.79,5.99,6.53,6.68,6.82,6.99,7.02,7.16
Cape Verde,1.57,1.78,2.11,2.65,3.58,5.28,8.43,13.4,17.2,19.3,19.7,20.2,20.1,20.4,20.8,21.3,19.9,20.1,20.6,21.3,22,22.9,22.1,23,23.8,24.5,25.4,26.7,33.3,33.5
Costa Rica,55.2,58.6,63.7,64.4,68,72.2,69.4,65.6,64.4,63.8,63.5,66.6,67.9,70.3,75.1,72.4,78.8,77.9,84,88.3,105,107,111,120,125,136,147,149,156,160
Cuba,380,393,395,391,369,339,295,227,194,176,157,153,149,154,159,168,171,179,189,202,215,216,234,247,261,278,290,305,314,315
Cyprus,17.1,17.9,18.5,18.7,18.7,19.1,19.5,19.8,20.1,20.3,20.8,21,21.4,21.6,22.3,24.1,25.3,26.8,27.8,29.5,31.1,32,33.2,34.5,35.5,36.7,37.5,37.8,39.2,40.6
Czech Republic,389,374,371,360,361,372,380,389,384,375,367,346,375,396,397,400,404,412,416,409,403,377,366,365,365,370,376,392,407,416
Germany,1760,1820,1870,1950,2040,2110,2210,2310,2450,2640,2920,3090,3290,3470,3680,3850,4000,4180,4350,4510,4560,4610,4680,4760,4820,4960,5030,5050,5090,5150
Djibouti,2.74,2.84,2.99,3.24,3.37,3.66,3.93,4.17,4.54,4.84,5.09,5.35,5.67,5.88,6.37,6.69,6.94,7.08,7.37,7.62,8.02,8.42,8.83,9.24,9.48,9.94,10.4,10.9,11.6,12.2
Dominica,3.45,3.43,3.36,3.25,3.05,2.85,2.6,2.28,2.01,1.84,1.7,1.58,1.51,1.48,1.44,1.42,1.35,1.35,1.38,1.42,1.45,1.5,1.58,1.63,1.68,1.73,1.77,1.82,1.86,1.9
Denmark,94,96.5,100,104,111,116,115,116,120,123,126,130,134,137,143,148,157,164,176,189,202,217,229,241,248,247,245,243,242,240
Dominican Republic,91.2,91.7,91.1,91.2,90.5,91.1,93,94.7,96.8,103,108,111,116,120,126,133,135,136,138,143,150,161,178,197,213,232,248,259,272,285
Algeria,128,136,144,152,157,163,173,182,191,201,210,210,221,234,248,262,275,287,301,317,330,340,351,363,376,392,406,422,436,453
Ecuador,74.4,80.8,82,83.6,86.1,86.9,90.5,89,93.4,93.1,95,101,109,117,126,135,143,150,159,167,177,188,198,211,223,233,246,255,261,264
Egypt,4010,4090,4020,4120,4250,4320,4410,4550,4650,4800,4920,5360,5750,6160,6480,6740,7190,7590,8030,9130,9320,9640,9780,9830,10k,10.3k,10.5k,10.5k,10.6k,10.8k
Eritrea,16.9,17.1,18.3,19.7,21.5,23.6,24.3,24.9,25,25.5,26,26.4,26.3,27,27.6,28.1,28.6,29.1,29.8,30.3,30.8,31.4,32.1,32.8,33.5,34.5,35.4,36.3,37.6,38.9
Spain,1390,1510,1610,1700,1810,1940,2040,2120,2240,2370,2450,2540,2640,2700,2740,2750,2770,2820,2850,2920,2980,3070,3150,3180,3230,3290,3310,3300,3290,3310
Estonia,22.9,24.7,26.4,30.2,36.9,38.7,36.2,40.6,42.7,43.3,44.8,46.8,47.6,46.2,47.4,46.2,46.1,47.9,46,44.1,42.7,43.6,44.5,46.1,48.8,52.1,55,54.3,54.1,54.2
Ethiopia,381,398,420,440,458,473,484,494,503,509,514,521,544,558,567,573,574,569,578,591,609,632,655,680,700,713,731,749,765,781
Finland,113,116,118,119,122,125,129,129,137,140,144,153,160,171,180,191,205,216,226,238,247,256,268,277,287,297,311,312,314,317
Fiji,13.2,13,12.9,12.8,12.7,12.4,12.3,12.2,11.9,12.3,12.6,12.9,13.1,14.6,15.8,17,18.5,19.8,21.1,21.8,23.4,24.8,25.5,26.6,27.4,28.3,29,29.6,30.1,30.6
France,3130,3330,3540,3760,4030,4200,4380,4500,4650,4740,4660,4650,4670,4700,4670,4710,4760,4880,5030,5130,5260,5330,5410,5440,5450,5560,5490,5560,5520,5570
"Micronesia, Fed. Sts.",3.55,3.58,3.61,3.65,3.68,3.67,3.69,3.69,3.7,3.71,3.71,3.74,3.78,3.81,3.87,3.91,4.05,4.06,4.16,4.26,4.34,4.42,4.53,4.67,4.82,4.96,5.09,5.2,5.3,5.39
Gabon,11.6,12,12.5,12.9,13.4,14.2,14.6,15,15.3,15.5,15.9,16.3,16.5,16.8,16.7,16.9,17.3,17.8,18.2,18.4,18.5,18.8,19.1,19.4,19.9,20.5,21.3,22.1,22.8,23.4
United Kingdom,938,956,969,973,991,1020,1060,1110,1160,1220,1270,1320,1410,1510,1590,1680,1790,1900,2020,2130,2250,2380,2510,2650,2750,2870,2940,2980,2970,2970
Georgia,37.3,40.5,44,48.2,52.7,57.5,69.5,83.4,126,149,166,159,132,115,100,93.4,90.9,91.4,95.6,96.4,106,114,122,136,132,135,137,138,138,137
Ghana,310,322,339,356,371,388,412,444,467,493,513,508,519,530,537,548,561,571,578,590,605,628,646,664,686,713,742,772,791,816
Guinea,789,817,850,879,914,947,984,1020,1050,1080,1100,1130,1160,1190,1220,1240,1240,1270,1300,1300,1340,1360,1390,1420,1440,1460,1480,1480,1500,1510
Gambia,94.5,102,111,115,119,133,132,139,150,165,161,162,168,178,195,203,204,212,210,220,224,214,221,232,253,252,272,294,301,311
Guinea-Bissau,23.6,23.9,24.2,24.5,24.8,25,25.2,25.1,24.8,24.3,23.7,23.6,23.6,23.8,24.2,24.3,24.4,24.7,23.9,24.2,24.5,24.9,25.3,25.7,26.2,26.6,27.3,27.8,28.1,28.6
Equatorial Guinea,3.87,3.89,3.89,3.92,3.94,4.03,4.09,4.06,4.11,4.21,4.3,4.33,4.35,4.48,4.69,4.93,5.22,5.46,5.67,6.03,6.36,6.89,7.32,7.7,7.93,8.61,9.09,9.73,10.4,10.9
Greece,196,202,210,219,226,235,241,250,271,290,299,306,309,314,313,320,326,343,349,376,401,432,464,494,496,503,509,499,493,491
Grenada,3.52,3.46,3.35,3.16,2.93,2.78,2.56,2.21,1.94,1.81,1.59,1.47,1.44,1.44,1.41,1.39,1.39,1.4,1.44,1.48,1.51,1.57,1.51,1.6,1.67,1.76,1.91,1.95,2.02,2.08
Greenland,1.19,1.22,1.24,1.25,1.26,1.25,1.27,1.33,1.41,1.46,1.56,1.64,1.72,1.8,1.89,1.96,2.06,2.15,2.26,2.38,2.51,2.65,2.77,2.88,2.94,2.94,2.99,3.06,3.13,3.19
Guatemala,173,190,204,221,238,228,224,234,232,203,140,124,113,109,109,111,115,121,130,146,159,172,186,202,213,228,243,246,248,251
Guam,2.18,2.26,2.35,2.43,2.51,2.51,2.48,2.75,3.09,3.32,3.77,4.02,4.29,4.59,4.95,5.18,5.48,5.77,6.06,6.41,6.73,7.04,7.48,8.03,8.56,9.03,9.45,9.44,9.5,9.59
Guyana,14,13.2,12.6,13.2,12.3,12,11.3,9.35,8.35,7.82,7.63,7.3,7.25,7.18,7.12,7.08,7.12,7.31,7.59,7.82,8.1,8.39,8.78,9.16,9.62,9.84,10.2,10.6,11,11.4
Honduras,156,165,171,179,187,192,201,211,220,231,228,239,252,267,282,294,307,321,341,366,396,441,511,527,543,555,570,585,590,590
Croatia,111,130,149,154,146,129,114,110,108,111,118,127,137,157,163,170,184,200,212,219,223,213,220,213,213,219,215,210,206,204
Haiti,119,123,128,131,132,133,131,130,125,122,121,121,122,123,125,126,128,132,135,138,139,141,139,144,150,152,156,161,166,170
Hungary,591,581,578,543,495,437,348,311,295,290,303,341,380,414,434,449,464,486,488,486,460,417,365,327,311,299,297,297,309,311
Indonesia,1430,1480,1520,1560,1610,1660,1710,1720,1780,1840,1880,1920,1970,2030,2100,2170,2230,2310,2290,2290,2320,2370,2450,2530,2600,2680,2760,2840,2930,3030
India,8060,8310,8500,8840,9130,9350,9810,10.4k,10.7k,10.8k,11.1k,11.6k,12k,12.3k,12.5k,13.1k,13.7k,14.2k,14.7k,15k,15.6k,16.2k,16.5k,16.9k,16.9k,17.6k,18.1k,18.6k,19.1k,19.6k
Ireland,33.7,36,37.3,40,42,44,45.1,47.1,50.2,54.2,57.8,60,62.9,67.7,72.1,76.3,81.3,91.2,100,111,117,128,136,146,150,155,152,153,153,155
Iran,647,672,699,706,736,766,798,835,874,914,934,959,937,882,802,780,778,791,825,845,906,1010,1110,1220,1320,1410,1460,1480,1520,1550
Iraq,204,213,223,234,242,251,260,268,274,278,285,294,303,315,322,329,338,347,387,394,440,481,549,635,697,704,710,724,765,799
Iceland,3.46,3.62,3.75,3.89,4.12,4.44,4.68,4.77,4.95,4.96,4.95,5.14,5.35,5.5,5.72,6.12,6.54,6.97,7.3,7.71,8.11,8.56,9.15,9.45,9.19,9.54,10,10.5,10.9,11.1
Israel,70.4,74.3,77.9,80.2,83.2,86.7,91.8,95.2,92.1,97.2,99.9,105,112,115,121,125,130,135,137,142,148,155,161,166,171,178,182,187,194,200
Italy,3800,4010,4200,4420,4560,4520,4550,4510,4500,4590,4530,4390,4250,4010,3890,3790,3770,3780,3860,4000,4170,4340,4470,4480,4470,4460,4190,4380,4480,4580
Jamaica,44.4,43.5,42.7,42.2,39.6,34.4,35.2,32.9,30.8,28,24.5,25.2,25.8,26.6,27.3,28.1,29.8,35.1,42.8,46.2,40.9,45.6,42.3,43,45.4,46.3,47.7,48.6,49.7,50.7
Jordan,24.4,25.3,26.5,27.8,29,29.8,29.9,30.2,30.6,31.1,31.2,31.8,33.2,34.5,36.9,39.7,42.3,43.9,45,47.9,51.3,54.3,57.7,61.6,66.7,72.6,78.8,85.2,92.5,100
Japan,14.8k,15.6k,16.7k,17.9k,19.2k,21.2k,22.4k,23.5k,24.7k,25.3k,25.3k,25k,24.7k,24.9k,24.7k,24.6k,24.3k,24k,23.7k,23.2k,22.9k,22.6k,22.1k,21.7k,21.3k,21k,20.9k,21k,21.7k,22.1k
Kazakhstan,273,483,663,840,977,1060,1110,1100,1080,1040,1000,941,877,826,759,714,682,662,635,614,616,602,596,589,591,589,610,602,651,672
Kenya,114,131,152,175,198,219,239,256,270,281,293,281,277,266,280,290,304,306,313,325,349,349,351,353,354,357,361,369,379,391
Kyrgyz Republic,21.9,22.1,22.4,23.6,24.8,25.2,25.5,26.9,28.7,30.3,36.9,37.2,38.1,42.1,44,45.9,49.5,52.9,53.6,53.2,55,56.5,58.5,60.3,62.5,65.9,66,68.3,67.8,69.2
Cambodia,301,305,313,323,336,351,363,373,382,389,392,383,388,392,398,404,410,420,430,439,453,464,477,491,505,521,536,553,572,591
Kiribati,3.3,3.36,3.39,3.4,3.38,3.36,3.39,3.44,3.49,3.54,3.62,3.66,3.71,3.77,3.83,3.87,3.9,3.96,4.03,4.1,4.16,4.21,4.28,4.37,4.46,4.55,4.65,4.75,4.86,4.95
St. Kitts and Nevis,2.75,2.69,2.57,2.42,2.24,2.08,1.8,1.48,1.22,1.09,0.96,0.92,0.88,0.88,0.87,0.87,0.89,0.9,0.82,0.83,0.86,0.9,0.94,1.01,1.06,1.13,1.2,1.28,1.38,1.67
South Korea,2520,2420,2320,2270,2270,2260,2720,3710,5120,6510,7710,8400,8850,9090,9160,9120,9050,9060,9090,9130,9180,9190,9250,9280,9350,9440,9580,9970,10.2k,10.7k
Kuwait,12.8,11.4,10.8,12.4,12.9,12.5,11.7,12.8,12.5,13.7,15.1,13.9,15.3,16.2,17.7,20.2,21.2,22.3,26.3,26.8,26.9,26.6,28.6,30.3,31.5,32.7,34.6,36.5,38.8,41
Lao,143,145,148,151,153,155,156,157,158,158,157,156,155,155,155,155,157,159,162,164,167,169,173,177,182,187,193,198,204,211
Lebanon,47.8,49.3,50.8,52,52.8,53.5,54.8,56.5,55.7,57.4,59.2,61.2,63,64.9,67.1,69,72.1,75.3,76.3,77.4,78.7,80.7,82.8,85.3,87.5,89.8,91.7,93.7,95.7,97.6
Liberia,55.6,57.7,58.8,59.7,60.4,59.8,61.8,60.5,59.7,57.5,55.7,54,53,52.7,52.7,53.1,54.4,55.6,54.5,56.9,59.4,61.6,63.8,65,64.7,65.3,65.8,66.5,68.6,70.8
Libya,56.1,57.4,58.5,59.8,61,61.9,62.7,65.1,68,70.5,68.7,71,73.7,75.6,76.3,78.6,81.7,87.6,91.8,95.1,97.8,105,108,112,120,127,132,138,145,152
St. Lucia,3.1,3.13,3.09,3.02,2.84,2.72,2.49,2.06,1.82,1.7,1.6,1.61,1.64,1.68,1.71,1.72,1.76,1.84,1.93,1.99,2.04,2.11,2.22,2.42,2.56,2.65,2.89,3.01,3.14,3.24
Sri Lanka,151,145,143,140,143,146,155,177,192,210,234,247,258,269,284,296,313,335,349,354,377,409,442,470,474,470,474,476,469,472
Lesotho,30.1,31.4,33.6,36.8,41.7,48.3,56.8,67.9,79.7,91.5,101,110,117,121,122,122,123,124,127,132,136,140,144,148,150,151,151,153,154,156
Lithuania,40.4,45.1,48.3,58,63.9,68.8,68.9,67.5,71.3,70.9,72.6,74.6,73,73.8,73.9,78.1,82.1,89.6,85.4,82.8,86.3,85.4,87,90.7,92.9,99,106,101,103,104
Luxembourg,9.29,9.87,10.4,11.1,11.7,12.1,12.4,12.6,12.6,12.6,12.6,12.5,13.1,13.7,14.7,15.2,15.9,16.4,16.9,17.5,18.6,19.4,20.1,20.6,20.9,20.7,20.6,20.5,20.7,21
Latvia,31.9,34.7,37.8,43.6,49.3,50.3,51.7,54.7,61.2,62.7,66.6,70.8,72.1,71.7,73.7,74.3,75.6,74.3,64.7,60.8,59.8,58.8,57.9,58.5,58.3,58,56.9,57.6,59,60.1
Morocco,172,179,191,198,202,208,211,215,224,230,224,219,220,228,233,238,246,254,263,273,284,295,310,366,379,393,408,426,445,462
Monaco,1.48,1.52,1.57,1.62,1.6,1.69,1.82,2.03,2.34,2.8,3.36,3.76,4,4.16,4.27,4.36,4.43,4.49,4.54,4.6,4.64,4.66,4.72,4.78,4.79,4.78,4.79,4.81,4.82,4.83
Moldova,43.2,58.6,63.8,70.9,89.3,107,131,140,154,170,180,183,189,184,182,176,151,113,99.2,92.4,90.5,82.7,81.1,79.8,82.6,86.3,86.3,83,84.7,85.8
Madagascar,87.8,87.7,87.6,88.9,88.5,94,94.4,94.5,95.2,95.5,95.3,95.5,90.5,90.1,90.5,91.7,93.1,95.1,99,102,105,109,112,115,119,123,127,132,137,142
Maldives,5.03,5.19,5.34,5.48,5.61,5.59,5.72,5.87,5.99,5.78,5.94,6.21,6.55,6.88,7.19,7.49,7.83,8.19,8.61,8.96,9.29,9.88,10.3,10.8,11.3,11.7,12.2,12.6,13.2,13.9
Mexico,467,487,516,545,578,615,655,717,783,827,839,879,949,1010,1040,1100,1140,1180,1270,1340,1370,1430,1510,1630,1700,1780,1870,1980,2030,2130
Marshall Islands,1.36,1.37,1.4,1.39,1.29,1.32,1.36,1.4,1.45,1.5,1.55,1.6,1.65,1.7,1.75,1.8,1.85,1.89,1.94,1.99,2.05,2.11,2.18,2.25,2.31,2.38,2.45,2.52,2.59,2.66
North Macedonia,101,102,109,113,116,121,125,129,132,132,136,140,145,145,137,140,145,150,150,157,160,160,161,162,166,169,173,174,175,177
Mali,555,567,586,598,611,624,635,642,638,640,646,637,649,660,673,687,703,732,754,777,807,827,844,869,896,933,988,1040,1060,1080
Malta,4.2,4.34,4.52,4.73,4.96,5.39,5.85,6.22,6.41,6.65,6.85,7.23,7.64,7.98,8.3,8.6,8.83,9.29,9.69,10.2,10.8,11.2,11.6,11.9,12.2,11.9,12.1,12.4,12.7,13.1
Myanmar,402,414,424,435,445,455,464,472,481,489,525,573,607,619,639,652,670,687,705,729,750,788,802,831,858,882,896,1000,1120,1120
Montenegro,23,23.3,24,25.3,26.7,27.6,28.7,30.4,31,30.9,31.6,32.1,33.4,34.8,36.2,37.8,36.7,36.5,36.5,36.5,36.4,36.6,36.5,36.9,37.2,37.4,37.8,37.8,37.5,37.5
Mongolia,469,485,489,501,511,522,537,543,560,578,604,648,685,722,754,790,829,870,917,971,1020,1050,1080,1120,1150,1190,1240,1280,1320,1370
Northern Mariana Islands,0.92,0.96,0.95,0.93,0.92,0.95,1.02,1.1,1.21,1.21,1.36,1.47,1.56,1.63,1.74,1.87,2.02,2.18,2.33,2.47,2.62,2.74,2.83,2.92,3.02,3.19,3.41,3.45,3.47,3.49
Mozambique,71.2,73.8,77.7,83.4,89.7,96.4,104,113,122,132,142,145,147,151,157,162,169,177,189,200,213,224,237,249,259,268,276,285,296,307
Mauritania,47.1,47.4,48,48.7,47.7,46.7,46.7,46.2,46,43.7,42.8,42.9,42.9,42.6,43.7,43.3,44.4,44.1,44.3,46.2,46.5,47.5,49.4,50.5,49.8,50.6,50.8,53,53.8,54.9
Mauritius,7.86,6.81,6.53,6.7,6.68,6.77,7.08,7.59,7.71,7.94,8.17,8.69,9.47,9.76,10.3,11,11.7,12.9,14.5,16.3,17,17.7,18.1,19,19.9,20.8,21.5,21.3,21.3,21.4
Malawi,85,94.2,104,113,122,132,144,141,139,137,134,129,120,118,114,114,109,106,104,107,112,118,121,124,127,131,134,138,141,144
Malaysia,365,381,400,422,454,490,513,533,545,596,610,644,675,718,753,790,838,884,943,983,981,1010,1060,1080,1120,1140,1150,1160,1180,1190
Namibia,7.49,7.91,8.49,9.12,10.1,11.1,12.4,13.9,15.6,17.3,19.1,20.4,21.4,22.9,23.4,23.5,23.1,23.3,23.9,23.8,25,25.8,26.8,28,28.9,29.6,30.2,30.7,31.2,31.4
Niger,14.3,14.6,15.2,15.7,16.1,16.6,16.9,17.5,18,18.5,19.1,19.7,20.4,21.2,21.6,22.4,23,23.7,23.2,23.8,24.4,25.3,26.2,27.4,28.7,30,31.4,32.8,34,34.8
Nigeria,875,924,952,975,994,1010,1020,1040,1050,1060,1080,1100,1140,1170,1190,1210,1230,1250,1260,1280,1320,1360,1400,1420,1440,1460,1480,1490,1510,1530
Nicaragua,29,32,32.6,33.4,34.2,34.7,34.7,33.1,33,32,33,34.6,36.8,39.6,40.9,43.7,44.7,47.5,51,54.4,57.6,63.3,69,73,76.6,79.6,84.6,88.2,91.6,93.5
Niue,0.1,0.1,0.11,0.11,0.11,0.11,0.11,0.11,0.11,0.11,0.11,0.11,0.11,0.11,0.11,0.1,0.1,0.1,0.1,0.1,0.1,0.1,0.1,0.1,0.1,0.1,0.11,0.11,0.11,0.11
Netherlands,153,158,165,176,185,196,200,208,217,229,234,251,271,289,292,301,314,334,354,382,406,426,452,470,489,515,534,538,545,553
Norway,58.1,59.2,60.7,63,64,65.7,67.7,68.8,71.3,73.2,74.9,76.9,80,82.5,85.8,89.7,93.7,98.7,103,106,111,118,123,129,132,135,138,136,135,137
Nepal,119,121,122,125,127,130,133,138,142,146,152,159,165,171,178,184,190,195,202,210,218,228,239,253,268,279,289,299,309,319
Nauru,0.3,0.3,0.31,0.32,0.32,0.33,0.33,0.34,0.34,0.34,0.34,0.34,0.34,0.34,0.34,0.33,0.33,0.32,0.31,0.31,0.3,0.3,0.3,0.29,0.3,0.29,0.29,0.29,0.3,0.3
New Zealand,54.6,56.5,59.4,62.6,65.2,69.1,71.8,75.6,78.4,82.7,86,87.8,93.2,99.6,105,109,117,125,131,138,145,153,160,167,173,176,176,178,187,191
Oman,21.9,22.9,23.6,24.1,24.6,25.1,26.7,27.8,28.5,28.7,29.7,31.7,33,34.4,35.1,37.1,41.4,45.2,47.3,49.3,50.1,55.6,60.8,62.6,62.2,63.6,66.3,67.6,65.4,64.3
Pakistan,840,857,871,886,907,936,963,993,1020,1050,1090,1090,1130,1170,1210,1250,1270,1300,1340,1380,1410,1430,1470,1510,1550,1570,1600,1620,1650,1690
Panama,28.6,28.5,28.6,30.8,29.9,31.2,30.5,30.5,29.1,29.2,27.5,28.2,29.7,31.9,33.3,35.4,37.7,39.4,43.1,46.9,49.2,51.5,54.5,55.9,59.2,61.9,64.9,68.3,70.2,73.5
Peru,380,367,394,417,427,443,460,431,406,330,327,314,304,297,292,293,298,298,308,339,357,368,375,385,392,403,414,425,438,449
Philippines,2380,2450,2510,2600,2690,2760,2830,2860,2870,2790,2750,2700,2660,2620,2600,2630,2670,2700,2770,2820,2890,2960,3030,3110,3210,3410,3480,3600,3720,3870
Palau,0.92,0.94,0.96,1,1.05,1.1,1.15,1.21,1.27,1.35,1.42,1.47,1.51,1.54,1.57,1.57,1.57,1.58,1.58,1.6,1.61,1.63,1.65,1.7,1.76,1.83,1.9,1.96,2.02,2.08
Papua New Guinea,17.7,18.3,18.8,19.3,19.7,20.3,20.8,21.5,22.4,23.3,24.1,24.8,25.6,26.5,27.5,28.5,29.4,30.5,31.6,32.6,34.2,36.1,37.4,38.7,40.3,42.1,43.7,45.8,48.1,50
Poland,1480,1480,1390,1290,1210,1130,1010,861,713,581,526,516,517,527,546,564,593,629,651,671,683,695,740,776,797,847,875,883,898,913
Puerto Rico,150,147,141,134,110,102,94.6,85.1,87.8,88.6,90.2,96.8,94.7,97.3,100,103,105,108,112,117,113,123,121,125,124,124,127,124,122,120
North Korea,1620,1660,1710,1750,1790,1810,1840,1870,1900,1920,1910,1890,1870,1810,1800,1800,1820,1840,1870,1900,1930,1960,1990,2020,2050,2080,2120,2160,2200,2230
Portugal,162,181,204,228,253,283,313,331,350,376,389,405,400,416,431,452,479,501,529,562,594,629,660,689,709,733,754,753,748,752
Paraguay,30.7,31.4,33.6,34.7,36.7,36.2,34,32.4,32.3,32.7,33,33.7,33.9,35.3,37.5,39.1,41.4,43.7,46.4,50.3,53.5,56.2,59.5,63,65.7,69.8,74.4,76.4,78.4,80.9
Palestine,38.4,39.2,37.7,38.5,39.3,40.2,41.4,42.2,43.4,44.1,45.5,47.8,50.1,51.2,52.7,54.5,56.5,56.5,55.6,57.3,60.4,62.8,63.8,67.1,71.8,74.3,75.5,79.7,82.6,86.1
French Polynesia,,,,,,,,,,,,,26,,,,,,,,,,,,,,,,,
Qatar,10.7,11.4,12,12.5,12.7,13.1,14.6,15.7,16.6,17.3,17.8,18.5,19.5,20.5,21.5,23,24.3,27.5,30.4,32.8,35.4,38,40.9,44.2,48.3,52,56.9,61.5,66.9,73.7
Romania,314,315,329,330,332,342,353,353,335,311,319,331,352,374,396,424,457,488,540,585,614,608,650,656,709,720,730,731,723,716
Russia,1680,1730,1860,2100,2220,2120,2020,1940,1940,2060,2140,2150,2250,2360,2420,2640,2650,2800,3040,3120,3340,3380,3530,3690,3910,4000,4040,3850,3850,3930
Rwanda,84.5,90.8,89.7,81,80.5,87.4,99,105,105,100,96.2,94.1,91,92.3,94.3,95.7,97.6,99.8,102,104,108,112,117,122,127,131,136,140,148,154
Saudi Arabia,259,273,286,301,318,340,359,373,388,402,410,412,409,406,400,393,387,389,392,396,410,407,413,427,445,463,485,507,533,563
Serbia and Montenegro,,,,,,,,,,,,,498,,,,,,,,,,,,,,,,,
Sudan,218,228,235,242,247,252,256,260,262,264,267,271,277,281,284,289,295,302,311,321,331,342,355,371,391,411,425,439,456,473
Senegal,39.6,40.8,41.6,42.3,43.3,43.1,43.3,44.2,44.9,46,45.6,55.1,56.2,54.5,55.5,56.8,57.5,59.3,61.5,64.9,62,64.9,65.8,68.7,72.6,74.7,78,78.9,79.5,81.7
Singapore,135,139,147,154,169,186,195,203,219,230,245,249,261,264,272,275,282,302,318,324,336,348,360,373,387,397,413,418,442,460
Solomon Islands,5.49,5.65,5.8,5.95,6.09,6.23,6.39,6.62,6.86,7.09,7.24,7.3,7.39,7.53,7.67,7.82,7.89,7.94,7.81,8.04,8.11,8.39,8.57,8.78,9.02,9.2,9.38,9.28,9.26,9.55
Sierra Leone,82.3,81.9,82.3,82.4,81.6,81.8,81.4,80.5,79.1,76.8,75.4,75.2,75.7,77,78.3,80.5,81.6,79.4,78.9,80.2,83.3,85.6,88.8,91.6,94,97.2,99.9,104,108,112
El Salvador,49.9,52.8,55.1,56.5,56.5,57.8,54.1,51.6,53.4,46.9,46,45.1,44.8,47.5,50.9,53.1,55.1,55.8,56.5,60.1,59.1,62,60.6,62.8,68.3,69.4,71.6,72.9,74,77.6
San Marino,0.47,0.48,0.5,0.52,0.54,0.52,0.53,0.55,0.57,0.59,0.61,0.63,0.65,0.68,0.71,0.74,0.78,0.82,0.86,0.9,0.95,0.99,1.03,1.06,1.09,1.11,1.13,1.15,1.17,1.18
Somalia,52.1,52.9,54.6,56.4,58.5,61.1,63.9,66.8,69.8,72.2,74.1,75.7,78.1,80.4,82.6,84.6,86.2,89.5,92.7,95.5,97.8,99.9,102,102,105,108,111,114,117,121
Serbia,409,415,430,448,467,486,506,528,520,523,547,558,554,567,578,585,590,593,596,580,559,547,535,528,515,498,499,510,520,531
South Sudan,47.3,47.8,48.6,49.2,49.7,50.8,51,50.3,50.8,51,51.1,50.5,50.7,51.7,52.7,53.4,54.7,55.7,56.6,57.5,58.5,59.5,60.6,61.4,60.5,60.3,60.7,61.7,63,64.6
Sao Tome and Principe,1.07,1.09,1.12,1.13,1.14,1.16,1.2,1.24,1.26,1.28,1.27,1.3,1.33,1.29,1.32,1.29,1.38,1.4,1.42,1.46,1.53,1.56,1.61,1.69,1.79,1.85,1.91,1.98,2.04,2.1
Suriname,10.3,10.5,10.5,10.2,9.22,7.93,7.28,6.71,6.55,6.43,6.21,6.19,6.31,6.28,6.2,6.17,6.19,6.36,6.58,6.77,7.02,7.23,7.49,8.12,8.49,8.78,9.11,9.55,9.87,10.2
Slovak Republic,172,175,181,184,189,196,201,208,203,203,203,202,201,200,196,202,202,205,205,200,191,187,183,183,183,188,186,190,191,195
Slovenia,42.1,43.5,45.6,47.9,51.8,55.1,59.9,67.3,74,78,82.8,87.6,90.2,96.2,96.3,97.5,106,112,117,119,125,127,138,143,139,148,146,148,151,152
Sweden,206,209,207,208,209,211,203,183,177,175,178,187,202,211,220,227,236,244,259,277,296,316,338,359,376,392,404,409,413,420
Eswatini,10.2,10.7,11.4,12.4,14.3,17.4,21.2,26.7,34.3,43.7,55,67.2,78.4,88.5,93.1,95.2,96.5,98.7,102,104,104,104,105,105,105,105,104,104,103,102
Seychelles,2.94,2.93,2.93,2.93,2.96,2.79,2.75,2.68,2.63,2.6,2.57,2.6,2.7,2.83,2.9,2.99,3.03,3.08,3.12,3.19,3.26,3.37,3.51,3.61,3.71,3.9,4.06,4.22,4.38,4.54
Syria,151,156,164,163,166,169,173,177,183,186,190,195,199,198,199,197,197,200,212,219,231,239,246,254,260,264,270,277,281,289
Chad,119,121,126,132,136,139,145,148,149,148,146,146,147,149,151,153,155,159,161,164,169,174,178,182,186,190,194,199,204,209
Togo,54.8,57.9,61.3,65.2,69.7,74.3,78.6,81.6,83.3,83.4,83.3,83.6,84,84.7,84.9,85.7,86.5,87.6,87.4,88.8,90.7,92.5,93.6,94.9,97.9,101,105,110,112,116
Thailand,5380,5740,6070,6310,6570,6830,7050,6830,7290,7920,8100,7950,8350,8770,9320,9910,10.5k,11.1k,11.5k,12k,12.8k,13.4k,13.8k,14k,14.4k,14.8k,15.5k,16.1k,16.6k,17.1k
Tajikistan,18.7,19.6,21.1,22.2,23.1,23.6,24.7,25.8,27.3,29.4,31.6,34.3,36.1,38.3,40.4,42.9,45.1,47.7,50.8,53.9,58.3,63.1,68.8,75.3,83.6,93.3,107,104,103,104
Tokelau,0.06,0.06,0.06,0.06,0.06,0.06,0.05,0.05,0.05,0.05,0.05,0.05,0.05,0.05,0.05,0.05,0.05,0.05,0.05,0.05,0.05,0.05,0.05,0.05,0.05,0.05,0.05,0.06,0.06,0.06
Turkmenistan,13.3,15,15.7,17.8,18.2,18.9,20.9,22.8,25.8,29.9,40.9,48.4,55,64.3,73.9,83.5,87.6,92.9,95.7,96,99.1,104,107,113,123,128,132,136,142,146
Timor-Leste,15,15.5,16.2,16.8,17.1,17.6,17.9,18,18.7,19.1,19.9,20.3,20.6,21.2,21.2,22,22.4,22.4,22.7,24.1,25.6,27.5,28.9,30,30.9,32,32.8,33.7,34.6,35.3
Tonga,10.4,10.6,10.9,11.2,11.5,11.8,12,12.4,12.9,13.7,14,14.1,14.5,14.9,15.1,14.2,14.2,14.4,14.6,14.7,14.8,14.9,15,15.1,15.2,15.3,15.4,15.4,15.5,15.6
Trinidad and Tobago,31.6,31.4,31.2,31.5,31,29.9,29.7,26,23.8,18.1,15.6,15.3,14.9,15.6,15.6,16.2,16.4,17,18.6,18.8,19.9,20.5,20.5,21.6,22.8,23.9,25.1,26,26.8,27.7
Tunisia,66.2,69.1,71.3,73.9,75.4,74.4,76.1,78.7,80.7,82.4,84.2,87.2,90.2,93.5,97.3,99.8,103,105,108,112,115,119,123,127,132,136,140,144,148,152
Turkey,837,852,869,892,908,928,948,985,970,949,935,1000,1080,1150,1170,1180,1190,1180,1180,1220,1250,1290,1310,1360,1420,1460,1490,1530,1560,1610
Tuvalu,0.44,0.44,0.44,0.44,0.44,0.44,0.44,0.44,0.44,0.44,0.44,0.44,0.44,0.44,0.44,0.45,0.45,0.46,0.47,0.48,0.49,0.5,0.51,0.52,0.53,0.54,0.55,0.57,0.58,0.59
Taiwan,1620,1710,1820,1850,1930,1960,2000,1870,2140,2300,2410,2440,2170,2640,2880,2980,2880,2630,2250,1960,1750,1650,1530,1470,1480,1480,1590,1670,1750,1840
Tanzania,141,152,163,173,180,185,191,196,201,203,204,205,201,206,213,220,231,245,259,278,281,287,295,304,307,315,322,330,338,345
Uganda,228,238,244,253,262,270,281,287,298,306,317,326,326,334,346,358,377,398,411,429,449,466,486,500,511,514,525,530,548,561
Ukraine,336,357,377,390,406,434,442,449,452,487,532,569,628,690,789,948,1010,1110,1170,1110,1120,1110,1130,1110,1060,1210,1170,1160,1190,1190
Uruguay,34.7,34,37,38.6,39.5,40.6,40.6,39.6,40.7,42.3,44.7,46.8,49,53.1,56.3,57.2,59.8,61.8,62.8,64.9,69.4,71.3,74.3,75.4,77.8,78.6,79.8,80.6,81.7,82.9
United States,3970,4130,4360,4630,4890,5160,5390,5640,5970,6280,6600,6910,7290,7700,8080,8620,9070,9540,10k,10.5k,10.9k,11.5k,12k,12.5k,13k,13.7k,14.4k,15k,15.7k,16.4k
Uzbekistan,59.9,63.1,67.2,73.6,79.5,85,90.9,95.5,102,112,129,151,182,229,330,401,415,463,518,577,607,643,680,697,729,750,761,756,763,769
St. Vincent and the Grenadines,3.29,3.12,2.99,2.85,2.72,2.77,2.62,2.18,1.99,1.9,1.77,1.68,1.67,1.69,1.64,1.59,1.62,1.63,1.74,1.82,1.89,1.98,2.11,2.28,2.39,2.54,2.66,2.73,2.82,2.91
Venezuela,323,320,329,318,292,236,183,162,160,153,156,161,172,188,190,207,232,255,278,292,280,297,324,331,327,341,366,386,403,441
Virgin Islands (U.S.),1.99,2,2.05,2.12,2.22,2.16,2.09,1.93,1.83,1.8,1.74,1.73,1.71,1.71,1.71,1.73,1.83,2.44,2.51,2.59,2.65,2.73,2.8,2.87,2.94,3,3.04,3.09,3.12,3.14
Vietnam,996,1070,1130,1190,1250,1300,1330,1320,1310,1300,1290,1270,1260,1260,1280,1300,1330,1400,1440,1490,1520,1530,1530,1570,1530,1520,1530,1540,1540,1560
Vanuatu,4.57,4.77,4.93,4.89,5.1,5.14,5.27,5.37,5.51,5.71,5.74,6.01,6.05,6.26,6.63,7.15,7.52,7.97,8.37,8.71,9.07,9.52,9.88,10.3,10.6,10.9,11.2,11.5,11.7,12
Samoa,4.22,4.27,4.26,4.26,4.26,4.27,4.27,4.28,4.28,4.34,4.4,4.46,4.54,4.59,4.64,4.68,4.71,4.72,4.75,4.76,4.78,4.82,4.88,4.97,5.07,5.18,5.29,5.4,5.5,5.58
Yemen,93.2,95.8,98.6,101,105,107,110,113,115,119,123,128,133,138,144,148,154,161,169,175,180,187,194,202,210,220,231,241,250,259
South Africa,719,769,825,876,973,1060,1220,1450,1620,1680,1750,1770,1770,1760,1730,1690,1690,1640,1620,1620,1610,1590,1610,1630,1680,1700,1680,1720,1730,1760
Zambia,43.5,48.9,54.8,60.8,66.6,71.8,76.7,80.7,84.1,86.5,88.4,89.2,90.1,90.8,91.6,88.6,88.3,87.8,88.9,90.1,93.4,96.3,98.7,102,106,109,113,117,120,124
Zimbabwe,317,368,429,502,598,708,777,818,816,779,724,727,709,676,632,599,574,554,544,526,514,505,497,490,489,494,499,502,506,510
